{"data": [{"index": 0, "into": 459.25, "inth": 464.8, "intl": 452.0, "intc": 463.0, "intvwap": 457.34, "intv": 205675.0, "oi": 2404475.0, "option": "40500 CE", "watch_strike_id": 2.0, "sma_volume": 473061.25, "rsi": 55.497972420730825, "sma_oi": 2615655.0, "vwap": 449.93336007199946, "underlying_price": 40600.0, "strike": 40500.0, "Option_type": "CE", "close_price": 463.0, "prev_close_price": 463.8, "prev_vwap": 449.8489586496557, "volume": 205675.0, "prev_oi": 2386975.0, "ok_for_entry": false}, {"index": 1, "into": 449.2, "inth": 456.85, "intl": 444.45, "intc": 448.0, "intvwap": 451.1, "intv": 151325.0, "oi": 517025.0, "option": "40700 PE", "watch_strike_id": 2.0, "sma_volume": 124915.0, "rsi": 40.57195861003301, "sma_oi": 365045.0, "vwap": 464.4662599658773, "underlying_price": 40600.0, "strike": 40700.0, "Option_type": "PE", "close_price": 448.0, "prev_close_price": 444.1, "prev_vwap": 464.9909234930144, "volume": 151325.0, "prev_oi": 515400.0, "ok_for_entry": false}]}
