{"data": [{"index": 0, "underlying_price": 40500.0, "option": "40400 CE", "Option_type": "CE", "watch_strike_id": 2.0, "into": 466.6, "inth": 475.45, "intl": 465.35, "intc": 475.4, "intvwap": 470.4, "intv": 51475.0, "close_price": 475.4, "vwap": 504.82563883683343, "prev_close_price": 466.65, "prev_vwap": 505.05210894175184, "volume": 51475.0, "sma_volume": 73405.0, "rsi": 41.828294862889486, "oi": 524125.0, "prev_oi": 519175.0, "sma_oi": 507076.25, "ok_for_entry": false}, {"index": 1, "underlying_price": 40500.0, "option": "40600 PE", "Option_type": "PE", "watch_strike_id": 2.0, "into": 455.0, "inth": 456.95, "intl": 440.55, "intc": 440.55, "intvwap": 450.9, "intv": 210675.0, "close_price": 440.55, "vwap": 417.3606083891146, "prev_close_price": 450.8, "prev_vwap": 417.0071799097371, "volume": 210675.0, "sma_volume": 291970.0, "rsi": 58.01422905159261, "oi": 1163925.0, "prev_oi": 1185800.0, "sma_oi": 1233316.25, "ok_for_entry": false}]}
